{"cameraMode":{"drawMode":0,"name":"Shaded","section":"Shading Mode"},"sceneLighting":true,"audioPlay":false,"sceneViewState":{"showFog":true,"showMaterialUpdate":false,"showSkybox":true,"showFlares":true,"showImageEffects":true,"showParticleSystems":true},"in2DMode":false,"pivot":{"x":846.65087890625,"y":29.791778564453126,"z":395.3563232421875},"rotation":{"x":0.13564056158065797,"y":0.10324090719223023,"z":-0.014213208109140396,"w":0.9852619171142578},"size":1490.1455078125,"orthographic":false}